press,title,naver_news_text,naver_news_url,body,press_html,title_html,body_html,label
이코노미스트,도시형생활주택 건축면적규제85㎡ 이하로완화,네이버뉴스,https://n.news.naver.com/mnews/article/243/0000071565?sid=101,,이코노미스트,도시형생활주택 건축면적 규제 85㎡ 이하로 완화,"주택법 시행령 개정안 21일부터 시행
도시형 생활주택 유형별 특징 [국토교통부 제공]
[이코노미스트 우승민 기자] 어떤 유형의 도시형 생활주택이든 전용면적 85㎡까지 지을 수 있도록 면적 규제가 완화됐다.
지난 2022년 2월 '원룸형' 도시형 생활주택을 폐지하고 '소형주택' 유형을 만들어 가구별 면적 상한을 50㎡에서 60㎡로 넓힌 이후 2년 11개월 만에 추가 면적 규제를 완화한 것이다. 이는 비(非)아파트에 대한 규제를 풀어 주택 공급 속도를 높이기 위한 방안의 하나다.
국토교통부는 도시형 생활주택의 건축 면적 제한을 완화하는 내용의 주택법 시행령, 주택건설기준에 관한 규정 등이 이달 21일부터 시행된다고 20일 밝혔다.
도시형 생활주택은 도시지역 내 국민주택(전용면적 85㎡ 이하) 규모에 해당하는 집을 300가구 미만으로 공급하는 주택 유형이다. 아파트보다 단지 규모가 작고, 인허가와 분양 절차가 간단한 데다 주차 규제도 완화돼 있어 공급량을 빠르게 늘릴 수 있다.
소형주택(30가구 이상)·단지형 연립주택·단지형 다세대주택(각각 50가구 이상) 세 가지 유형이 있는데, 그간 소형주택은 가구별 주거 전용면적을 60㎡ 이하로 제한해왔다.
국토부는 '소형주택' 유형을 '아파트형 주택'으로 바꾸고, 3∼4인 가구를 위한 전용면적 85㎡ 이하 가구로 구성된 5층 이상 아파트 형태를 허용하기로 했다.
소형주택의 면적 제한을 단지형 연립주택·단지형 다세대주택과 같은 85㎡ 이하로 둔 것이다.
단, 면적 제한 완화에 따른 주차난 우려를 줄이기 위해 전용면적 60㎡ 초과∼85㎡ 이하 아파트형 주택은 일반 공동주택과 똑같이 가구당 1대 이상의 주차 대수를 확보하도록 했다.
아파트형 주택에 60∼85㎡ 가구가 150가구 이상 포함된다면 일반 공동주택과 동일하게 경로당, 어린이 놀이터 등 주민공동시설을 설치해야 한다.
오는 21일 이후 사업계획승인 또는 건축허가(변경승인·허가 포함)신청분부터 면적 규제 완화를 적용받는다.",규제완화
이코노미스트,도시형생활주택을 아파트처럼 넓게…85㎡까지규제 완화,네이버뉴스,https://n.news.naver.com/mnews/article/243/0000071565?sid=101,,이코노미스트,도시형생활주택 건축면적 규제 85㎡ 이하로 완화,"주택법 시행령 개정안 21일부터 시행
도시형 생활주택 유형별 특징 [국토교통부 제공]
[이코노미스트 우승민 기자] 어떤 유형의 도시형 생활주택이든 전용면적 85㎡까지 지을 수 있도록 면적 규제가 완화됐다.
지난 2022년 2월 '원룸형' 도시형 생활주택을 폐지하고 '소형주택' 유형을 만들어 가구별 면적 상한을 50㎡에서 60㎡로 넓힌 이후 2년 11개월 만에 추가 면적 규제를 완화한 것이다. 이는 비(非)아파트에 대한 규제를 풀어 주택 공급 속도를 높이기 위한 방안의 하나다.
국토교통부는 도시형 생활주택의 건축 면적 제한을 완화하는 내용의 주택법 시행령, 주택건설기준에 관한 규정 등이 이달 21일부터 시행된다고 20일 밝혔다.
도시형 생활주택은 도시지역 내 국민주택(전용면적 85㎡ 이하) 규모에 해당하는 집을 300가구 미만으로 공급하는 주택 유형이다. 아파트보다 단지 규모가 작고, 인허가와 분양 절차가 간단한 데다 주차 규제도 완화돼 있어 공급량을 빠르게 늘릴 수 있다.
소형주택(30가구 이상)·단지형 연립주택·단지형 다세대주택(각각 50가구 이상) 세 가지 유형이 있는데, 그간 소형주택은 가구별 주거 전용면적을 60㎡ 이하로 제한해왔다.
국토부는 '소형주택' 유형을 '아파트형 주택'으로 바꾸고, 3∼4인 가구를 위한 전용면적 85㎡ 이하 가구로 구성된 5층 이상 아파트 형태를 허용하기로 했다.
소형주택의 면적 제한을 단지형 연립주택·단지형 다세대주택과 같은 85㎡ 이하로 둔 것이다.
단, 면적 제한 완화에 따른 주차난 우려를 줄이기 위해 전용면적 60㎡ 초과∼85㎡ 이하 아파트형 주택은 일반 공동주택과 똑같이 가구당 1대 이상의 주차 대수를 확보하도록 했다.
아파트형 주택에 60∼85㎡ 가구가 150가구 이상 포함된다면 일반 공동주택과 동일하게 경로당, 어린이 놀이터 등 주민공동시설을 설치해야 한다.
오는 21일 이후 사업계획승인 또는 건축허가(변경승인·허가 포함)신청분부터 면적 규제 완화를 적용받는다.",규제완화
문화일보,‘도생’규제 완화…주거 ‘상생’ 묘수 될까,네이버뉴스,https://n.news.naver.com/mnews/article/021/0002685261?sid=101,,문화일보,도시형생활주택을 아파트처럼 넓게…85㎡까지 규제 완화,"국토교통부 제공
21일 이후 건축허가 신청분부터 적용
도시형 생활주택을 전용면적 85㎡까지 지을 수 있도록 면적 규제가 완화된다. 주택 공급을 확대하기 위해 2년 11개월 만에 추진하는 추가 완화책이다.
국토교통부는 도시형 생활주택의 건축 면적 제한을 완화하는 내용의 주택법 시행령과 주택건설기준에 관한 규정 등을 이달 21일부터 시행한다고 20일 밝혔다.
도시형 생활주택은 도시지역 내 국민주택(전용면적 85㎡ 이하) 규모에 해당하는 집을 300가구 미만으로 공급하는 주택 유형이다. 아파트보다 단지 규모가 작고, 인허가와 분양 절차가 간단하며 주차 규제도 완화된 것이 장점으로 꼽힌다.
소형주택(30가구 이상)·단지형 연립주택·단지형 다세대주택(각각 50가구 이상) 세 유형으로 나뉜다. 앞서 국토부는 지난 2022년 2월 원룸형 도시형 생활주택을 폐지하고 소형주택 유형을 만들어 가구별 면적 상한을 상향한 바 있다.
이번에는 소형주택을 ‘아파트형 주택’으로 바꾸고, 3∼4인 가구를 위한 전용 85㎡ 이하 가구로 구성된 5층 이상 아파트 형태까지 허용하기로 했다. 아울러 소형주택의 면적 제한을 단지형 연립주택과 단지형 다세대주택과 같은 85㎡ 이하로 확대할 방침이다.
단 규제 완화에 따른 주차난 우려에 전용 면적 60㎡ 초과∼85㎡ 이하 아파트형 주택은 일반 공동 주택처럼 가구 당 1대 이상의 주차 대수를 확보해야 한다.
아파트형 주택에 60∼85㎡ 가구가 150가구 이상 포함된다면 일반 공동주택과 동일하게 경로당과 어린이 놀이터 등 주민 공동시설을 설치하게 했다.
오는 21일 이후 사업계획승인 또는 건축허가(변경승인·허가 포함) 신청분부터 면적 규제 완화를 적용받는다.",규제완화
경향신문,도시형생활주택도 면적규제 완화…아파트형으로 85㎡까지 가능,네이버뉴스,https://n.news.naver.com/mnews/article/032/0003346607?sid=101,,경향신문,‘도생’ 규제 완화…주거 ‘상생’ 묘수 될까,"국토부, 소형주택 면적 85㎡로 넓히고 명칭도 ‘아파트형 주택’으로
5층 이상 고층 아파트 형태로 건축 허용…빌라 기피 심리 해소 목적
주거형 오피스텔과 유사 인식…아파트 선호 높아 수요 분산 미지수
그동안 도시형 생활주택 가운데 허용 면적이 가장 작았던 ‘소형주택’도 앞으로 전용면적 85㎡까지 지을 수 있게 된다. ‘소형주택’의 명칭은 ‘아파트형 주택’으로 변경된다.
전세사기 여파로 빌라를 기피하는 현상에 따른 아파트 쏠림을 완화하고 도시형 생활주택 공급을 활성화하기 위해 정부가 내놓은 대책이다. 그러나 아파트 선호도가 워낙 높아 수요를 분산시킬 대체재가 될지는 미지수다.
국토교통부는 도시형 생활주택 중 소형주택의 건축면적 제한을 완화하는 주택법 시행령 및 시행규칙 등 개정안을 21일부터 시행한다고 20일 밝혔다. 21일 이후 사업계획승인 또는 건축허가(변경승인·허가 포함)를 신청하는 경우부터 완화된 기준이 적용된다.
도시형 생활주택은 도시지역 내 국민주택 규모(전용 85㎡)에 해당하는 집을 300가구 미만으로 공급하는 주택 유형으로, 2009년 이명박 정부에서 처음 도입했다. 아파트보다 단지 규모가 작고 인허가와 분양절차가 간단한 데다, 주차 규제도 약해 공급량을 단기간에 늘릴 수 있는 게 장점이다.
도시형 생활주택은 소형주택, 단지형 연립주택, 단지형 다세대주택 등 세 가지 유형으로 나뉜다. 이 중 소형주택은 그동안 가구별 주거 전용면적이 60㎡ 이하로 제한돼 있었다. 그러나 이번 시행령 개정에 따라 소형주택도 전용 85㎡ 이하, 5층 이상 고층 아파트 형태의 도시형 생활주택 건설이 가능해진다.
즉 기존 1~2인 거주용 원룸·투룸 형태의 소형주택에서 3~4인 가족이 거주할 수 있는 아파트 형태로 면적을 확장한 것이다. 국토부는 명칭도 ‘소형주택’에서 ‘아파트형 주택’으로 변경했다.
국토부는 전용면적 60㎡ 초과 아파트형 주택은 일반 공동주택과 동일하게 가구당 1대 이상의 주차대수를 확보하도록 건설기준도 개정했다. 또 전용 60㎡ 초과~85㎡ 이하 가구가 150가구 이상 포함되는 경우 일반 공동주택과 동일하게 경로당, 어린이 놀이터 등 주민공동시설을 설치하도록 했다. 사실상 150가구 미만으로만 지으면 각종 의무규정에서도 벗어날 수 있는 셈이다.
그러나 전문가들은 소형주택의 면적 규제 등을 완화한다고 해도 기존의 아파트 쏠림현상을 해소하기는 쉽지 않을 것으로 전망했다. 가격 면에서도 아파트에 비해 경쟁력이 떨어진다는 지적이 나온다.
지난해 11월 입주를 시작한 도시형 생활주택인 서울 동대문구 신설동역자이르네는 전용 46㎡가 8억5600만원에 거래됐다. 초역세권 입지인 점을 고려하더라도 주변 대단지 아파트에 비해 매매가가 높은 편이다. 신설동역을 같이 끼고 있는 종로청계힐스테이트 전용 59㎡의 직전 거래가는 7억9000만원이다.
이은형 대한건설정책연구원 연구위원은 “일반인들 입장에서는 소형주택 역시 오피스텔과 유사한 비아파트로 인식되는 경향이 강하다”며 “1개 동짜리 ‘아파트형 주택’을 만들 것이 아니라 1개 동짜리 아파트를 만들 수 있도록 유도할 필요가 있다”고 말했다.",규제완화
SBS Biz,도시형생활주택규제 완화...시장 침체 개선 돕나,네이버뉴스,https://n.news.naver.com/mnews/article/374/0000421593?sid=101,,SBS Biz,도시형생활주택도 면적 규제 완화…아파트형으로 85㎡까지 가능,"[자료=국토교통부]
어떤 유형의 도시형 생활주택이든 전용면적 85㎡까지 지을 수 있도록 면적 규제가 완화됩니다.
지난 2022년 2월 '원룸형' 도시형 생활주택을 폐지하고 '소형주택' 유형을 만들어 가구별 면적 상한을 50㎡에서 60㎡로 넓힌 이후 2년 11개월 만에 추가 면적 규제를 완화한 것입니다.
국토교통부는 도시형 생활주택의 건축 면적 제한을 완화하는 내용의 주택법 시행령, 주택건설기준에 관한 규정 등이 이달 21일부터 시행된다고 오늘(20일) 밝혔습니다.
도시형 생활주택은 도시지역 내 국민주택(전용면적 85㎡ 이하) 규모에 해당하는 집을 300가구 미만으로 공급하는 주택 유형이다. 아파트보다 단지 규모가 작고, 인허가와 분양 절차가 간단한 데다 주차 규제도 완화돼 있어 공급량을 빠르게 늘릴 수 있습니다.
소형주택(30가구 이상)·단지형 연립주택·단지형 다세대주택(각각 50가구 이상) 세 가지 유형이 있는데, 그간 소형주택은 가구별 주거 전용면적을 60㎡ 이하로 제한해왔습니다.
국토부는 '소형주택' 유형을 '아파트형 주택'으로 바꾸고, 3∼4인 가구를 위한 전용면적 85㎡ 이하 가구로 구성된 5층 이상 아파트 형태를 허용하기로 했습니다.
소형주택의 면적 제한을 단지형 연립주택·단지형 다세대주택과 같은 85㎡ 이하로 둔 것입니다.
단, 면적 제한 완화에 따른 주차난 우려를 줄이기 위해 전용면적 60㎡ 초과∼85㎡ 이하 아파트형 주택은 일반 공동주택과 똑같이 가구당 1대 이상의 주차 대수를 확보하도록 했습니다.
아파트형 주택에 60∼85㎡ 가구가 150가구 이상 포함된다면 일반 공동주택과 동일하게 경로당, 어린이 놀이터 등 주민공동시설을 설치해야 합니다.
오는 21일 이후 사업계획승인 또는 건축허가(변경승인·허가 포함)신청분부터 면적 규제 완화를 적용받습니다.
당신의 제보가 뉴스로 만들어집니다.
SBS Biz는 여러분의 제보를 기다리고 있습니다.
홈페이지 = https://url.kr/9pghjn",규제완화
머니S,도시형생활주택 건축면적규제 완화… 전용 60㎡ 이하→ 85㎡ 이하,네이버뉴스,https://n.news.naver.com/mnews/article/417/0001053119?sid=101,,머니S,도시형생활주택 건축면적 규제 완화… 전용 60㎡ 이하→ 85㎡ 이하,"'소형주택'→ '아파트형 주택' 명칭 변경… 관련 주택법 개정안 시행
도시형생활주택 건축면적 규제가 완화되고 명칭도 바뀐다. /사진=이미지투데이
앞으로 도시형 생활주택의 건축 면적 제한이 기존 전용면적 60㎡ 이하에서 국민주택규모인 전용 85㎡ 이하까지 완화되고 명칭은 기존 '소형주택'에서 '아파트형 주택'으로 변경된다.
20일 국토교통붕 따르면 이 같은 내용이 담긴 ▲주택법 시행령 ▲주택건설기준 등에 관한 규정 및 주택법 시행규칙 개정안이 다음날부터 시행된다.
개정안은 지난해 8월 '국민 주거안정을 위한 주택공급 확대방안'의 후속조치다. 수요가 많은 중·소형 면적(전용 85㎡ 이하)의 도시형 생활주택 공급을 확대하기 위해 마련됐다. 오는 21일 이후 사업계획승인 또는 건축허가(변경승인·허가 포함)를 신청하는 경우부터 적용된다.
그동안 주택법 시행령은 전용 60㎡ 이하 가구로 구성된 도시형 생활주택(소형 주택)만 5층 이상으로 건설할 수 있도록 규제했지만 개정안은 소형 주택의 건축 면적 제한 규정을 지웠다.
이에 따라 3~4인 가구를 위한 전용 85㎡ 이하 가구로 구성된 5층 이상 아파트 형태의 도시형 생활주택 건설이 가능해졌다.
도시형 생활주택의 유형별 특징을 보다 명확히 나타낼 수 있도록 기존 '소형 주택'의 명칭을 '아파트형 주택'으로 새롭게 분류한다.
이번 개정으로 전용 60㎡ 초과 85㎡ 이하 가구로 구성된 5층 이상의 아파트형 주택 건설이 가능해져 해당 유형의 주택에 대한 건설기준도 개정된다.
아파트형 주택에 충분한 주차공간을 확보할 수 있도록 전용 60㎡ 초과 85㎡ 이하 가구에 대해서는 일반 공동주택과 동일하게 가구당 주차대수 1대 이상을 설치토록 한다.
이밖에 아파트형 주택에 전용 60㎡ 초과 85㎡ 이하 가구가 150가구 이상 포함될 경우 일반 공동주택과 동일하게 주민공동시설(경로당, 어린이놀이터)을 설치하도록 해 양호한 주거 환경을 조성토록 했다.
김규철 국토부 주택토지실장은 ""그동안 도시형 생활주택 관련 규제를 지속 발굴해 개선해왔으며 이번 면적 제한 완화 개정으로 도시형 생활주택을 보다 넓게 지을 수 있게 됐다""며 ""이에 따라 3~4인 가구를 위한 중·소형 면적의 주택 공급이 활성화될 수 있는 여건을 마련했다""고 강조했다.",규제완화
머니S,도시형 생활주택 면적규제 완화… 60㎡ 이하→85㎡ 이하,네이버뉴스,https://n.news.naver.com/mnews/article/417/0001053119?sid=101,,머니S,도시형생활주택 건축면적 규제 완화… 전용 60㎡ 이하→ 85㎡ 이하,"'소형주택'→ '아파트형 주택' 명칭 변경… 관련 주택법 개정안 시행
도시형생활주택 건축면적 규제가 완화되고 명칭도 바뀐다. /사진=이미지투데이
앞으로 도시형 생활주택의 건축 면적 제한이 기존 전용면적 60㎡ 이하에서 국민주택규모인 전용 85㎡ 이하까지 완화되고 명칭은 기존 '소형주택'에서 '아파트형 주택'으로 변경된다.
20일 국토교통붕 따르면 이 같은 내용이 담긴 ▲주택법 시행령 ▲주택건설기준 등에 관한 규정 및 주택법 시행규칙 개정안이 다음날부터 시행된다.
개정안은 지난해 8월 '국민 주거안정을 위한 주택공급 확대방안'의 후속조치다. 수요가 많은 중·소형 면적(전용 85㎡ 이하)의 도시형 생활주택 공급을 확대하기 위해 마련됐다. 오는 21일 이후 사업계획승인 또는 건축허가(변경승인·허가 포함)를 신청하는 경우부터 적용된다.
그동안 주택법 시행령은 전용 60㎡ 이하 가구로 구성된 도시형 생활주택(소형 주택)만 5층 이상으로 건설할 수 있도록 규제했지만 개정안은 소형 주택의 건축 면적 제한 규정을 지웠다.
이에 따라 3~4인 가구를 위한 전용 85㎡ 이하 가구로 구성된 5층 이상 아파트 형태의 도시형 생활주택 건설이 가능해졌다.
도시형 생활주택의 유형별 특징을 보다 명확히 나타낼 수 있도록 기존 '소형 주택'의 명칭을 '아파트형 주택'으로 새롭게 분류한다.
이번 개정으로 전용 60㎡ 초과 85㎡ 이하 가구로 구성된 5층 이상의 아파트형 주택 건설이 가능해져 해당 유형의 주택에 대한 건설기준도 개정된다.
아파트형 주택에 충분한 주차공간을 확보할 수 있도록 전용 60㎡ 초과 85㎡ 이하 가구에 대해서는 일반 공동주택과 동일하게 가구당 주차대수 1대 이상을 설치토록 한다.
이밖에 아파트형 주택에 전용 60㎡ 초과 85㎡ 이하 가구가 150가구 이상 포함될 경우 일반 공동주택과 동일하게 주민공동시설(경로당, 어린이놀이터)을 설치하도록 해 양호한 주거 환경을 조성토록 했다.
김규철 국토부 주택토지실장은 ""그동안 도시형 생활주택 관련 규제를 지속 발굴해 개선해왔으며 이번 면적 제한 완화 개정으로 도시형 생활주택을 보다 넓게 지을 수 있게 됐다""며 ""이에 따라 3~4인 가구를 위한 중·소형 면적의 주택 공급이 활성화될 수 있는 여건을 마련했다""고 강조했다.",규제완화
더팩트,도시형 생활주택 면적규제 완화,네이버뉴스,https://n.news.naver.com/mnews/article/629/0000358145?sid=101,,더팩트,도시형 생활주택 면적 규제 완화… 60㎡ 이하→85㎡ 이하,"주택법 시행령 등 개정안 21일 시행
도시형 생활주택의 건축 면적 제한이 85㎡ 이하까지 완화된다. /뉴시스
도시형 생활주택의 건축 면적 제한이 기존 전용면적 60㎡ 이하에서 85㎡ 이하까지 완화된다.
국토교통부는 21일부터 도시형 생활주택의 건축 면적 제한을 완화하는 주택법 시행령, 주택건설기준 등에 관한 규정 및 주택법 시행규칙 개정안이 시행된다고 20일 밝혔다.
개정안은 국민 주거안정을 위한 주택공급 확대방안의 후속 조치로, 수요가 많은 중·소형 평형의 도시형 생활주택 공급을 확대하기 위해 마련했다. 21일 이후 사업계획승인 또는 건축허가(변경승인·허가 포함)를 신청하는 경우부터 적용된다.
우선 주택법 시행령은 지금까지는 전용면적 60㎡ 이하 세대로 구성된 도시형 생활주택(소형 주택)만 5층 이상으로 건설할 수 있도록 규제했으나 개정안은 소형 주택의 건축 면적 제한 규정을 삭제했다.
이에 따라 3~4인 가구를 위한 전용면적 85㎡ 이하 세대로 구성된 5층 이상 아파트 형태의 도시형 생활주택 건설이 가능해진다.
아울러 도시형 생활주택의 유형별 특징을 보다 명확히 나타낼 수 있도록 기존 '소형 주택'의 명칭을 '아파트형 주택'으로 새롭게 분류한다.
이번 개정으로 전용면적 60㎡ 초과 85㎡ 이하 세대로 구성된 5층 이상의 아파트형 주택 건설이 가능해짐에 따라 해당 유형의 주택에 대한 건설기준도 개정한다.
아파트형 주택에 충분한 주차공간을 확보할 수 있도록 전용면적 60㎡ 초과 85㎡ 이하 세대에 대해서는 일반 공동주택과 동일하게 세대당 주차대수 1대 이상을 설치하도록 한다.
아파트형 주택에 전용면적 60㎡ 초과 85㎡ 이하 세대가 150세대 이상 포함되는 경우, 일반 공동주택과 동일하게 주민공동시설(경로당, 어린이놀이터)을 설치하도록 하여 양호한 주거 환경을 조성하도록 한다.
국토교통부 김규철 주택토지실장은 ""그간 도시형 생활주택 관련 규제를 지속 발굴하여 개선해 왔으며, 이번 면적 제한 완화 개정으로 도시형 생활주택을 보다 넓게 지을 수 있게 됨에 따라 3~4인 가구를 위한 중소형 평형의 주택 공급이 활성화될 수 있는 여건을 마련했다""고 밝혔다.
발로 뛰는 더팩트는 24시간 여러분의 제보를 기다립니다.
▶카카오톡: '더팩트제보' 검색
▶이메일: jebo@tf.co.kr
▶뉴스 홈페이지: http://talk.tf.co.kr/bbs/report/write",규제완화
뉴시스,"송미령 ""30년 농지규제 완화이야기할 때…수직농장·주차장 등 허용해...",네이버뉴스,https://n.news.naver.com/mnews/article/003/0013025704?sid=101,,뉴시스,"송미령 ""30년 농지규제 완화 이야기할 때…수직농장·주차장 등 허용해야""","농식장관 정례 언론간담회…농지법 개정 필요성 역설
농지 활용도 제고·소유·임대차 규제완화·지방 자율권 확대
투기 가능성엔 ""개연성 없지만 제어할 수 있게 챙겨볼 것""
[세종=뉴시스] 강종민 기자 = 송미령 농림축산식품부 장관이 20일 세종시 정부세종청사에서 열린 출입기자 간담회에서 최근 현안에 대해 발언하고 있다. 2025.01.20. ppkjm@newsis.com
[세종=뉴시스]임소현 임하은 기자 = 송미령 농림축산식품부 장관은 20일 ""이제는 드러내 놓고 농지 규제완화에 대한 이야기를 해야한다""고 밝혔다.
송미령 장관은 이날 오전 정부세종청사에서 진행된 정례 언론간담회에서 ""1996년 개정된 농지법이 30년 간 그대로 유지되면서 현실과 농지법에서 규율하고 있는 내용이 부조화스러운 게 있고 농지가 지나치게 가치를 잘 발휘할 수 있도록 활용되는 게 아니라 규제 일변도로 운영되고 있다""며 이같이 말했다.
송 장관은 농지 규제 완화 방안에 대해 ▲농지 활용도 제고 ▲소유·임대차 규제완화 ▲지방 자율권 확대 등 세 가지 방향성을 제시했다.
그는 ""농업계와 논의가 필요하고 국회에서 법률 개정해야 하는 부분이라 정부가 언제된다고 말하기는 어렵다""면서도 ""수직농장, 판매시설, 주차장, 화장실 등이 농산업 활동에 필요하다면 허용해야 하지 않겠냐는 생각""이라고 강조했다.
이어 ""소유와 이용에 대한 규제를 완화해야 할 필요가 있다""며 ""지금은 자경 8년 이후 임대차를 할 수 있는데 이것도 완화할 필요가 있다""며 ""수도권 농지와 호남 땅끝 농지의 수요가 다를텐데 똑같이 자경 8년이라는 규정을 똑같이 하는 게 맞느냐 (하는 의문이 있다)""고 했다.
그러면서 ""지금은 전용하려면 농식품부 장관이 일일이 허가를 해줘야 하는 구조""라며 ""지방의 여건이 다 다르다고 하면 농지이용계획도 수립할 수 있고 지방과 중앙이 약속할 만한 가이드라인을 갖고 그 범위 안에서는 전용에 대한 권한을 지방이 갖고 운영해도 되는 거 아닌가 생각한다""고 언급했다.
이에 대해 부동산 투기 등 우려된다는 지적에 대해서는 ""일종의 가이드라인이 있어서 투기로 연결될 개연성이 그리 많지는 않다""면서도 ""그 부분도 제어할 수 있도록 꼼꼼히 보겠다""고 답했다.
농식품부는 올해 농산물 수급 안정에 만전을 기하겠다는 입장이다. 특히 농림위성을 하반기 발사해 관측정보와 결합하고 재배적지를 찾아 생산 안정화를 꾀하는 한편 비축을 길게 선도 높게 할 수 있도록 하는 시스템을 구축한다.
송 장관은 ""2023~2024년 2년간 기후위기로 일부 농산물 품목이 불안했다""며 ""기후위기 상황을 다각적으로 예측하고 전망하는 시스템을 갖추자는 취지로 농업위성을 올해 발사해서 관측정보와 결합한다""고 강조했다.
[세종=뉴시스] 강종민 기자 = 송미령 농림축산식품부 장관이 20일 세종시 정부세종청사에서 열린 출입기자 간담회에서 최근 현안에 대해 발언하고 있다. 2025.01.20. ppkjm@newsis.com
그는 ""해외 재배적지를 찾아서 우리 농가와 기업이 가서 농사를 지어 우리 상황이 안정적이면 해외에서 유통하고 우리상황 불안하면 반입명령 내서 들여오는 시스템도 고려하고 있다""며 ""지금은 곡물, 유지류 중심으로 해외 농업계와 하고 있는데 사과는 검역협상 문제가 있어서 고려 않고 있고 배추, 무 정도는 할수 있다고 생각해 재배적지를 찾아보는 작업을 하고 있다""고 설명했다.
특히 해외 재배적지 예산 확보와 관련해서는 ""지금 당장 예산이 필요한 단계는 아니고 해외농업개발할 때 농업기업들한테는 융자를 해주고 있다""며 ""다만 반입했을 때 농기업 입장에서 손실이 발생할 수 있는데 유통하려는 것보다 더 비용 든다면 정부가 보전해준다""고 답변했다.
송 장관은 ""(농산물을) 안정적으로 공급하려면 농가 입장에서 경영안정이 돼야 한다""며 ""가장 중요한 건 피부에 와닿는 경영비 절감하는 것으로 비료나 사료, 원재료 가격이 농가에 부담으로 다가오지 않도록 재정을 확대하려는 조치를 했다""고 부연했다.
그러면서 ""다행스러운 건 환율리스크는 있는데 국제곡물 작황이 좋아 사료비가 안정적이고 유가하락분도 있어서 이게 환율리스크를 상쇄시킨다""며 ""그래서 경영비는 올해 전체적으로 안정될 거라는 전망이지만 지금은 (경영비용이) 높은 상황이라서 농가부담을 덜어드리는 데 계속 모니터링하면서 만전을 기울이겠다""고 역설했다.
또한 송 장관은 양곡관리법 개정안 폐지와 관련해서는 농가소득 안정에 대한 대안을 논의하겠다는 방침을 밝혔다. 그는 ""양곡법은 정부 차원에서 마련한 대안으로 논의를 설 전후로 해서 하려고 한다""며 ""쌀 재배면적 감축과 관련해서는 감축에 참여하지 않으면 패널티를 줄 수 있지만 올해는 적용하지 않는다""고 전했다.
이어 ""쌀양을 줄여야 쌀값이 오른다""며 ""내가 할 수 있는 의무는 조금도 안하고 쌀가격 올려달라는 건 생각해볼 대목""이라고 꼬집었다.
아울러 송 장관은 이날 트럼프 정부 출범 관련해 ""트럼프 1기 정부를 반추해보면 농업계는 큰 영향이 없었다""며 ""식품이 가지는 특수성과 확 끈을 끊거나 할 수 없다는 것과 관세를 높게 부과햇을 때 미국 물가가 오르는 부담이 있어 상대적으로 다른 분야에 비해 영향이 그리 크지 않지 않을까 하는 조심스러운 전망과 기대를 갖고 있다""고 말하기도 했다.
한편 농식품부는 설 연휴 24시간 고병원성 조류인플루엔자(AI) 방역대응체계를 유지한다. 송 장관은 ""역대 사례를 비교하면 12월~1월에 AI 발생이 집중돼 굉장히 최선을 다해 관리하고 있다""며 ""명절 전후로 사람 차량 이동 빈번해져 이때 AI 발생확률이 위험이 증가하기 때문에 정부는 연휴 설명절 기간 내내 24시간 방역대응체계를 유지하려 한다""고 말했다.
그는 ""축산농가는 방역수칙을 그 어느 때보다 철저히 준수해주시고 의심증상 신고해 달라""며 ""귀성객 방문객들은 철새도래지, 축산농장 방문을 자제해 방역활동에 도움을 주면 좋겠다""고 덧붙였다.
[세종=뉴시스] 강종민 기자 = 송미령 농림축산식품부 장관이 20일 세종시 정부세종청사에서 열린 출입기자 간담회에서 최근 현안에 대해 발언하고 있다. 2025.01.20. ppkjm@newsis.com",규제완화
더팩트,"오세훈 ""미아3동규제완화로 세대별 분담금 수천만원 감소""",네이버뉴스,https://n.news.naver.com/mnews/article/629/0000358175?sid=102,,더팩트,"오세훈 ""미아3동 규제완화로 세대별 분담금 수천만원 감소""","오 시장, 강북구 미아동130 입체공원 대상지 방문
오세훈 서울시장이 20일 오전 미아동130 일대 재개발 현장을 살펴보고 있다. /정소양 기자
오세훈 서울시장이 ""미아3동 일대에 입체공원이 들어오면서 각 가구당 분담금이 수천만 원 낮아지게 될 것""이라고 밝혔다.
오 시장은 20일 서울 강북구 미아3동 130번지 일대 재개발 후보지를 방문해 '입체공원 선정시 무슨 혜택이 있나'란 취재진의 질문에 이같이 말했다.
앞서 서울시는 미아동 130번지 일대 재개발 현장에 규제철폐 6호 '입체공원'을 즉시 도입한다고 밝힌 바 있다. 앞으로는 민간부지 또는 건축물 상부의 인공지반에 조성하는 '입체공원'도 의무공원으로 인정한다는 것이 주요 내용이다.
오 시장은 ""동북권역 지가는 강남 지역에 비해 비교적 지가가 싼 편""이라며 ""이런 지역의 경우 재개발을 하더라도 상업성이 확보되기 어렵고, (재개발이) 굉장히 더디게 되고, 잘 진척이 안 되는 지역들이 많다. 이런 지역의 재개발을 촉진하기 위해 '사업성 보정계수 제도'를 도입했다""고 설명했다.
'사업성 보정계수 제도'를 통해 땅값이 싼 지역의 사업성을 높이기 위해 더 많은 분양 세대 숫자를 확보할 수 있도록 허용 용량을 늘리겠다는 것이다. 같은 면적에 더 많은 세대 수를 분양할 수 있도록해 경제성을 만들어 재개발을 촉진하겠다는 구상이다.
오세훈 서울시장이 20일 오전 규제철폐 대상지인 미아동 130번지 일대를 찾아 현장 브리핑을 청취하고 있다. /정소양 기자
오세훈 시장은 이번 '입체공원' 선정 역시 이같은 취지라고 설명했다.
그는 ""그동안 자연 지반형의 공원을 확보하는 것을 의무화했었는데, 이를 맞추다보니 분양 세대수가 줄어들고, 그만큼 각 세대별로 분담금이 늘어날 수밖에 없었다""며 ""이번 규제 완화를 통해 입체공원을 자연용 공원과 마찬가지로 간주하겠다는 의미""라고 했다.
이어 ""미아3동 일대의 경우 약 3000가구 가까이가 들어설 예정인데, '사업성 보정계수'를 도입함으로써 몇십 가구가 늘어나고, 입체공원 면적을 인정해주면서 또 몇십 가구가 늘어나게 된다""며 ""이렇게 되면 가구당 분담금은 수천만 원씩 낮아지게 되는 것""이라고 했다.
아울러 오세훈 시장은 '입체공원'이 다른 정비 사업 대상지에도 적용될 수 있다고 밝혔다. 오 시장은 ""오늘 대표적으로 이곳 강북구에 미아동을 찾았지만, 서부권 또 서남권 이렇게 강남 지역이 아닌 주거 환경이 열악하고 지가가 낮은 곳에는 동일한 원칙이 적용된다""고 전했다.
김혜진 130 일대 재개발 추진위원장은 '입체공원' 선정에 환영 의사를 밝혔다. /정소양 기자
주민들은 환영 의사를 내비쳤다.
김혜진 130번지 일대 재개발 추진위원장은 ""이쪽(미아동)에 교육·교통 등 상업적 인프라가 좋지만, 젊은 부부들이 많이 살지 않는다""며 ""그 이유는 아이들이 같이 움직일 공간도 없고, 놀이시설도 없으며, 유모차를 끌 공간조차 부족한 상황이었다""고 토로했다.
그러면서 그는 ""재개발 당시 가장 고민했던 부분이 '공원 성립'이다""며 ""면적이 넓지 않기 때문이다. 그런데 저희가 말하지 않았는데도 좋은 혜택을 받을 수 있는 첫 스타트(시작)가 돼서 너무 기쁘다""고 말했다. 이어 ""저희는 다른 구역보다 지대가 낮은 편""이라며 ""용적률이 올라가게 되면 더 많은 분양 관련된 건축이 가능하지 않을까 기대하고 있다""고 덧붙였다.
서울시는 또 신속통합기획 사업이 더 속도를 내기 위해 올해부터 '재개발 처리기한제'와 '선(先) 심의제'를 새로 도입해 미아동 130 일대에 즉시 적용할 방침이다. 단축 방안이 적용되면 미아동130일대는 구역 지정까지 걸리는 시간이 기존 대비 7개월 이상 단축될 전망이다.
발로 뛰는 더팩트는 24시간 여러분의 제보를 기다립니다.
▶카카오톡: '더팩트제보' 검색
▶이메일: jebo@tf.co.kr
▶뉴스 홈페이지: http://talk.tf.co.kr/bbs/report/write",규제완화
더팩트,서울 미아동 130 일대규제완화로 주택공급 확대,네이버뉴스,https://n.news.naver.com/mnews/article/629/0000358175?sid=102,,더팩트,"오세훈 ""미아3동 규제완화로 세대별 분담금 수천만원 감소""","오 시장, 강북구 미아동130 입체공원 대상지 방문
오세훈 서울시장이 20일 오전 미아동130 일대 재개발 현장을 살펴보고 있다. /정소양 기자
오세훈 서울시장이 ""미아3동 일대에 입체공원이 들어오면서 각 가구당 분담금이 수천만 원 낮아지게 될 것""이라고 밝혔다.
오 시장은 20일 서울 강북구 미아3동 130번지 일대 재개발 후보지를 방문해 '입체공원 선정시 무슨 혜택이 있나'란 취재진의 질문에 이같이 말했다.
앞서 서울시는 미아동 130번지 일대 재개발 현장에 규제철폐 6호 '입체공원'을 즉시 도입한다고 밝힌 바 있다. 앞으로는 민간부지 또는 건축물 상부의 인공지반에 조성하는 '입체공원'도 의무공원으로 인정한다는 것이 주요 내용이다.
오 시장은 ""동북권역 지가는 강남 지역에 비해 비교적 지가가 싼 편""이라며 ""이런 지역의 경우 재개발을 하더라도 상업성이 확보되기 어렵고, (재개발이) 굉장히 더디게 되고, 잘 진척이 안 되는 지역들이 많다. 이런 지역의 재개발을 촉진하기 위해 '사업성 보정계수 제도'를 도입했다""고 설명했다.
'사업성 보정계수 제도'를 통해 땅값이 싼 지역의 사업성을 높이기 위해 더 많은 분양 세대 숫자를 확보할 수 있도록 허용 용량을 늘리겠다는 것이다. 같은 면적에 더 많은 세대 수를 분양할 수 있도록해 경제성을 만들어 재개발을 촉진하겠다는 구상이다.
오세훈 서울시장이 20일 오전 규제철폐 대상지인 미아동 130번지 일대를 찾아 현장 브리핑을 청취하고 있다. /정소양 기자
오세훈 시장은 이번 '입체공원' 선정 역시 이같은 취지라고 설명했다.
그는 ""그동안 자연 지반형의 공원을 확보하는 것을 의무화했었는데, 이를 맞추다보니 분양 세대수가 줄어들고, 그만큼 각 세대별로 분담금이 늘어날 수밖에 없었다""며 ""이번 규제 완화를 통해 입체공원을 자연용 공원과 마찬가지로 간주하겠다는 의미""라고 했다.
이어 ""미아3동 일대의 경우 약 3000가구 가까이가 들어설 예정인데, '사업성 보정계수'를 도입함으로써 몇십 가구가 늘어나고, 입체공원 면적을 인정해주면서 또 몇십 가구가 늘어나게 된다""며 ""이렇게 되면 가구당 분담금은 수천만 원씩 낮아지게 되는 것""이라고 했다.
아울러 오세훈 시장은 '입체공원'이 다른 정비 사업 대상지에도 적용될 수 있다고 밝혔다. 오 시장은 ""오늘 대표적으로 이곳 강북구에 미아동을 찾았지만, 서부권 또 서남권 이렇게 강남 지역이 아닌 주거 환경이 열악하고 지가가 낮은 곳에는 동일한 원칙이 적용된다""고 전했다.
김혜진 130 일대 재개발 추진위원장은 '입체공원' 선정에 환영 의사를 밝혔다. /정소양 기자
주민들은 환영 의사를 내비쳤다.
김혜진 130번지 일대 재개발 추진위원장은 ""이쪽(미아동)에 교육·교통 등 상업적 인프라가 좋지만, 젊은 부부들이 많이 살지 않는다""며 ""그 이유는 아이들이 같이 움직일 공간도 없고, 놀이시설도 없으며, 유모차를 끌 공간조차 부족한 상황이었다""고 토로했다.
그러면서 그는 ""재개발 당시 가장 고민했던 부분이 '공원 성립'이다""며 ""면적이 넓지 않기 때문이다. 그런데 저희가 말하지 않았는데도 좋은 혜택을 받을 수 있는 첫 스타트(시작)가 돼서 너무 기쁘다""고 말했다. 이어 ""저희는 다른 구역보다 지대가 낮은 편""이라며 ""용적률이 올라가게 되면 더 많은 분양 관련된 건축이 가능하지 않을까 기대하고 있다""고 덧붙였다.
서울시는 또 신속통합기획 사업이 더 속도를 내기 위해 올해부터 '재개발 처리기한제'와 '선(先) 심의제'를 새로 도입해 미아동 130 일대에 즉시 적용할 방침이다. 단축 방안이 적용되면 미아동130일대는 구역 지정까지 걸리는 시간이 기존 대비 7개월 이상 단축될 전망이다.
발로 뛰는 더팩트는 24시간 여러분의 제보를 기다립니다.
▶카카오톡: '더팩트제보' 검색
▶이메일: jebo@tf.co.kr
▶뉴스 홈페이지: http://talk.tf.co.kr/bbs/report/write",규제완화
헤럴드경제,오세훈 “미아동 130일대규제 완화로 주택공급 확대”,네이버뉴스,https://n.news.naver.com/mnews/article/016/0002418258?sid=101,,헤럴드경제,서울 미아동 130 일대 규제완화로 주택공급 확대,"건축물 상부공원도 의무공원 인정
사업성보정계수 도입, 용적률 상향
서울 강북구 미아동 130일대가 사업보정계수 적용과 ‘입체공원 조성’(예시도)을 통해 주택 공급을 확대하며 재개발 사업 추진에 탄력을 받을 전망이다.
오세훈 서울시장은 20일 현장을 찾아 “지가가 싼 곳은 재개발 하더라도 사업성 확보가 어렵다”면서 “이 일대 3000가구 가까이 들어설 예정인데 입체공원의 의무공원 면적 인정과 사업성 보정계수 도입으로 각각 수십가구가 더 늘어나도록 하겠다”고 밝혔다.
오 시장은 “그는 “땅값 싼 지역에 허용 용량을 늘려 같은 면적에 더 많은 가구수를 분양해 사업을 촉진하려고 한다”면서 미아동130 일대에 사업성 보정계수 1.8을 적용해 허용용적률 인센티브량을 20%에서 36%로 대폭 상향할 뜻을 밝혔다.
사업성 보정계수는 서울시 평균보다 지가가 낮아 사업성이 떨어져 정비사업이 속도를 내지 못하는 지역에 적용하는 것으로, 분양 가구수를 늘려 사업성을 확보하고 조합원 분담금을 줄이는 효과가 있다.
또 이 지역에 일본 도쿄 시부야의 ‘미야시타 파크’처럼 문화·상업시설 상부를 녹지공간으로 조성하는 입체 공원을 도입해 가용 면적을 늘리기로 했다. 입체공원은 재개발·재건축 사업 시 ‘공원녹지법’에 따라 의무적으로 평지에 지어야 하는 공원 대신 문화시설이나 주차장 등 건축물 상부 인공 지반에 조성하는 공원을 말한다.
미아동130일대는 정비사업 규모가 약 7만1000㎡에 달해 의무공원을 약 4500㎡ 가량 확보해야하는데, 이중 50%만 입체공원으로 계획해도 건축가능한 연면적이 5000㎡ 이상 증가해 사업성이 개선된다. 서울시는 주차장 및 주민공동이용시설 확대는 물론 주택공급 가구수도 늘어날 것으로 기대하고 있다. 정주원 기자",규제완화
문화일보,가평군 “산지규제 완화로 인구소멸 위기 대응”,네이버뉴스,https://n.news.naver.com/mnews/article/021/0002685166?sid=102,,문화일보,가평군 “산지규제 완화로 인구소멸 위기 대응”,"- 가평군 청사 전경. 가평군 제공
산지전용허가 기준 조례 제정안 입법예고
평균경사도·표고 등 20% 범위 내 완화
가평=김준구 기자
경기 가평군은 인구감소지역 내 산지규제 완화를 통한 인구소멸 위기 극복을 위해 ‘산지전용허가 기준 조례’ 제정안을 오는 2월 3일까지 입법예고한다고 20일 밝혔다.
이번 조례안은 최근 개정된 ‘산지관리법 시행령’에 따라 마련됐다.
해당 시행령은 인구감소지역의 정주 여건 개선과 지역경제 활성화를 위해 산지전용허가 기준 가운데 △평균경사도 △표고 △입목축적에 대해 20% 범위 내에서 지자체 조례로 완화할 수 있도록 규정하고 있다.
입법예고 조례안에 따르면 산지전용허가 기준은 평균경사도를 30도 이하로 완화하고, 1㏊(약 3000평)당 입목축적은 군 평균의 180% 이하로 조정한다.
또 표고(산자락 하단부를 기준으로 한 산정부 높이)는 60% 미만까지 허용하는 내용을 포함하고 있다.
군은 또 개발행위허가를 위한 ‘가평군 군계획 조례’ 일부 개정안 입법예고도 함께 진행 중인데, 자세한 내용은 가평군 홈페이지에서 확인할 수 있다.
서태원 가평군수는 ""가평군은 그동안 수도권 지역임에도 중복규제로 인해 많은 피해를 겪어왔다""며 ""이번 인구감소지역에 대한 산지규제 완화 정책을 계기로 인구유입은 물론 산림을 미래 성장동력으로 활용할 방안을 적극 모색하겠다""고 밝혔다.",규제완화
문화일보,"가평군, 산지규제 완화로 인구소멸 위기 대응",네이버뉴스,https://n.news.naver.com/mnews/article/021/0002685166?sid=102,,문화일보,가평군 “산지규제 완화로 인구소멸 위기 대응”,"- 가평군 청사 전경. 가평군 제공
산지전용허가 기준 조례 제정안 입법예고
평균경사도·표고 등 20% 범위 내 완화
가평=김준구 기자
경기 가평군은 인구감소지역 내 산지규제 완화를 통한 인구소멸 위기 극복을 위해 ‘산지전용허가 기준 조례’ 제정안을 오는 2월 3일까지 입법예고한다고 20일 밝혔다.
이번 조례안은 최근 개정된 ‘산지관리법 시행령’에 따라 마련됐다.
해당 시행령은 인구감소지역의 정주 여건 개선과 지역경제 활성화를 위해 산지전용허가 기준 가운데 △평균경사도 △표고 △입목축적에 대해 20% 범위 내에서 지자체 조례로 완화할 수 있도록 규정하고 있다.
입법예고 조례안에 따르면 산지전용허가 기준은 평균경사도를 30도 이하로 완화하고, 1㏊(약 3000평)당 입목축적은 군 평균의 180% 이하로 조정한다.
또 표고(산자락 하단부를 기준으로 한 산정부 높이)는 60% 미만까지 허용하는 내용을 포함하고 있다.
군은 또 개발행위허가를 위한 ‘가평군 군계획 조례’ 일부 개정안 입법예고도 함께 진행 중인데, 자세한 내용은 가평군 홈페이지에서 확인할 수 있다.
서태원 가평군수는 ""가평군은 그동안 수도권 지역임에도 중복규제로 인해 많은 피해를 겪어왔다""며 ""이번 인구감소지역에 대한 산지규제 완화 정책을 계기로 인구유입은 물론 산림을 미래 성장동력으로 활용할 방안을 적극 모색하겠다""고 밝혔다.",규제완화
아시아경제,"가평군, '산지규제 완화' 통해 인구 소멸 위기 대응 나서",네이버뉴스,https://n.news.naver.com/mnews/article/277/0005535315?sid=102,,아시아경제,"가평군, 산지규제 완화로 인구소멸 위기 대응","'산지전용허가 기준 조례' 제정안 2월 3일까지 입법예고
평균경사도·표고 등 20% 범위내서 지자체 조례로 완화
경기 가평군(군수 서태원)은 인구감소지역 내 산지규제 완화를 통한 인구소멸 위기 극복을 위해 '산지전용허가 기준 조례' 제정안을 오는 2월 3일까지 입법 예고한다고 20일 밝혔다.
가평군청 전경. 가평군 제공
이번 조례안은 최근 개정된 '산지관리법 시행령'에 따라 마련됐다. 해당 시행령은 인구감소지역의 정주 여건 개선과 지역경제 활성화를 위해 산지전용허가 기준 가운데 △평균경사도 △표고 △입목축적에 대해 20% 범위에서 지자체 조례로 완화할 수 있도록 규정하고 있다.
입법예고 조례안에 따르면 산지전용허가 기준은 평균경사도를 30도 이하로 완화하고, 1㏊(약 3000평)당 입목축적은 군 평균의 180% 이하로 조정한다. 또 표고(산자락 하단부를 기준으로 한 산정부 높이)는 60% 미만까지 허용하는 내용을 포함하고 있다.
군은 또 개발행위허가를 위한 '가평군 군 계획 조례' 일부 개정안 입법예고도 함께 진행 중인데 자세한 내용은 가평군 홈페이지에서 확인할 수 있다.
서태원 군수는 “가평군은 그동안 수도권 지역임에도 중복규제로 인해 큰 피해를 겪어 왔다”며 “이번 인구감소지역에 대한 산지규제 완화 정책을 계기로 인구 유입은 물론 산림을 미래 성장동력으로 활용할 방안을 적극 모색하겠다”고 말했다.",규제완화
더팩트,"가평군, “산지규제 완화로 인구소멸 위기 대응”",네이버뉴스,https://n.news.naver.com/mnews/article/629/0000358174?sid=102,,더팩트,"가평군, '산지규제 완화' 통해 인구 소멸 위기 대응 나서","조례안 제정 내달 3일까지 입법예고…평균경사도‧표고 등 20% 범위 내서 완화
경기 가평군청사 전경./가평군
경기 가평군이 인구 감소 지역 내 산지규제 완화를 통한 인구 소멸 위기 극복을 위해 '산지전용허가 기준 조례' 제정안을 오는 2월 3일까지 입법예고한다고 20일 밝혔다.
가평군에 따르면 이번 조례안은 최근 개정된 '산지관리법 시행령'에 따라 마련됐다.
해당 시행령은 인구 감소 지역의 정주 여건 개선과 지역 경제 활성화를 위해 산지전용허가 기준 가운데 △평균경사도 △표고 △입목축적에 대해 20% 범위 내에서 지자체 조례로 완화할 수 있도록 규정하고 있다.
산지전용허가 기준은 평균경사도를 30° 이하로 완화하고 1㏊(약 3000평)당 입목축적은 군 평균의 180% 이하로 조정한다. 또 표고(산자락 하단부를 기준으로 한 산정부 높이)는 60% 미만까지 허용하는 내용을 포함하고 있다.
군은 또 개발행위허가를 위한 '가평군 군계획 조례' 일부 개정안도 함께 입법예고 했다.
자세한 내용은 군 홈페이지에서 확인할 수 있다.
서태원 가평군수는 ""가평군은 그동안 수도권 지역임에도 중복규제로 인해 많은 피해를 겪어 왔다""며 ""이번 인구 감소 지역에 대한 산지규제 완화 정책을 계기로 인구 유입은 물론 산림을 미래 성장동력으로 활용할 방안을 적극 모색하겠다""고 말했다.
발로 뛰는 더팩트는 24시간 여러분의 제보를 기다립니다.
▶카카오톡: '더팩트제보' 검색
▶이메일: jebo@tf.co.kr
▶뉴스 홈페이지: http://talk.tf.co.kr/bbs/report/write",규제완화
아이뉴스24,가평군 '산지규제 완화인구소멸 위기 대응' 입법예고,네이버뉴스,https://n.news.naver.com/mnews/article/031/0000902879?sid=102,,아이뉴스24,"가평군, “산지규제 완화로 인구소멸 위기 대응”","경기도 가평군은 인구감소지역 내 산지규제 완화를 통한 인구소멸 위기 극복을 위해 '산지전용허가 기준 조례' 제정안을 내달 3일까지 입법예고한다.
이번 조례안은 최근 개정된 '산지관리법 시행령'에 따라 마련됐다. 해당 시행령은 인구감소지역의 정주 여건 개선과 지역경제 활성화를 위해 산지전용허가 기준 가운데 △평균경사도 △표고 △입목축적에 대해 20% 범위 내에서 지자체 조례로 완화할 수 있도록 규정하고 있다.
입법예고 조례안에 따르면 산지전용허가 기준은 평균경사도를 30도 이하로 완화하고, 1㏊(약 3,000평)당 입목축적은 군평균의 180% 이하로 조정한다.
또 표고(산자락 하단부를 기준으로 한 산정부 높이)는 60% 미만까지 허용하는 내용을 포함하고 있다.
군은 개발행위허가를 위한 '가평군 군계획 조례' 일부 개정안 입법예고도 함께 진행 중인데, 자세한 내용은 군 홈페이지에서 확인할 수 있다.
서태원 군수는 “가평군은 그동안 수도권 지역임에도 중복규제로 인해 많은 피해를 겪어 왔다”며 “이번 인구감소지역에 대한 산지규제 완화 정책을 계기로 인구유입은 물론 산림을 미래 성장동력으로 활용할 방안을 적극 모색하겠다”고 밝혔다.
가평군청 전경 [사진=가평군]",규제완화
뉴스티앤티,"서천군, 토지이용규제 완화...생활인구 유입 박차",,,,,,,규제완화
뉴스티앤티,"서천군 ""토지 이용규제 완화해 생활인구 늘린다""",,,,,,,규제완화
뉴시스,"서천군, 토지이용규제 완화로 생활인구 유입 '박차'",네이버뉴스,https://n.news.naver.com/mnews/article/003/0013024958?sid=102,,뉴시스,"서천군 ""토지 이용 규제 완화해 생활인구 늘린다""","도시계획 조례 일부 개정, 지역 경제 활력 제고
[서천=뉴시스] 서천군청사 전경.  *재판매 및 DB 금지
[서천=뉴시스] 조명휘 기자 = 서천군은 생활인구 증대와 경제 활성화를 위해 도시계획 조례 일부 개정을 추진한다고 20일 밝혔다.
개정안의 주요 내용은 생산관리지역 내 휴게음식점 설치를 기존 '전체 불가'에서 '일부 지역 불가'로 완화하고, 계획관리지역 내 도로 경계로부터 50m 이내 숙박시설 설치 제한 규정을 삭제하는 방안이 포함됐다.
국토의 계획 및 이용에 관한 법률 시행규칙 일부 개정에 따라 토지이용 규제를 완화해 군민들의 경제활동을 지원하고 지역 경제에 활력을 불어넣기 위한 조치다.
군은 올해 1월 입법예고를 통해 주민 의견을 수렴한 뒤, 법적 절차와 군의회 의결을 거쳐 3월 중 개정안을 공포할 예정이다.
김기웅 군수는 ""군민들의 경제활동을 지원하고 생활 여건을 개선하기 위해 필요한 규제 완화를 지속적으로 발굴하고 적극적으로 추진하겠다""며 ""개정안을 통해 지역 경제가 더욱 활성화되길 기대한다""고 했다.",규제완화
동양일보,"서천군, 토지이용규제 완화로 생활인구 유입 활성화 나서",,,,,,,규제완화
농민신문,“농지서 농산업 할 수 있어야…농지규제 완화이야기할 것”,네이버뉴스,https://n.news.naver.com/mnews/article/662/0000060342?sid=100,,농민신문,“농지서 농산업 할 수 있어야…농지규제 완화 이야기할 것”,"송미령 장관, 20일 농식품부 출입기자단 정례간담회서
후계농육성자금 4500억원 지원…“추가 재원 마련 가능”
송미령 농림축산식품부 장관은 20일 정부세종청사에서 출입기자단과 정례간담회를 열었다. 농식품부
“이제 드러내놓고 농지규제 완화를 이야기해 나가겠습니다.”
송미령 농림축산식품부 장관은 20일 정부세종청사에서 가진 출입기자단 정례간담회에서 이같이 밝혔다. 농식품부가 최근 ‘농지법’ 시행령·시행규칙을 개정해 농지에 수직농장, 체류형 쉼터(가설건축물) 조성을 허용한 데 이어 농지를 더욱 적극적으로 이용할 수 있도록 규제를 완화하겠다는 입장을 다시 한번 강조했다.
농식품부는 농지를 농작물 재배뿐 아니라 농산업에도 활용할 수 있도록 한다는 방침이다. 아울러 지방자치단체가 자체적으로 농지 이용계획을 세울 수 있게 한다. 송 장관은 “지방과 중앙이 함께 (농지 이용에 관한) 지침을 만들면 지자체는 그 안에서 자율적으로 이용계획을 세워 농지 이용·전용을 할 수 있게 할 것”이라고 설명했다.
농지 감축 우려에 대해서는 “규제가 완화되더라도 실제로 농지가 크게 줄어들진 않을 것으로 본다”고 송 장관은 말했다. 그러면서 “지난해 지자체가 농업진흥지역 내 자투리 농지 2만1000㏊를 해제할 수 있도록 했지만, 실제 해제 추진 지역은 절반에도 미치지 않는다”고 말했다.
송 장관은 벼 재배면적 8만㏊ 감축을 뼈대로 한 쌀산업 구조전환에 대해선 강력한 추진 의지를 밝혔다. “쌀 산업은 구조적 공급과잉 상태”라고 강조하며 “벼 재배면적 감축 목표는 생산자단체와 논의해서 정한 것으로, 농가의 수용성을 높이기 위해 인센티브 등 다양한 대안을 마련하겠다”고 했다. 더불어 “현재의 ‘양 중심’ 농사를 ‘품질 중심’으로 바꾸고 가공식품 등을 활용해 소비를 늘리겠다”고 덧붙였다.
농업경영체 범위 확대에 대한 구상도 내비쳤다. 농업 중심에서 나아가 농산업과 전후방산업에 종사하는 경영체를 농업경영체로 인정하는 방안을 검토하는 것으로 보인다.
이 자리에선 최근 예산 부족으로 논란을 빚은 후계농육성자금 사태에 대한 언급도 나왔다. 송 장관은 “농식품부의 노력으로 지난 13일 ‘주요 현안 해법회의’에서 후계농육성자금 4500억원의 추가 지원안이 결정됐다”면서 “이 정도 재정 투입으로 충분히 사태 해결이 이뤄질 것으로 보지만, 추후 부족해질 경우엔 정부가 추가적인 대책을 마련할 수 있을 것”이라고 밝혔다.
이밖에 농식품부는 농산물 수급안정대책과 케이푸드플러스 수출 확대 방안 등 올해 주요 업무계획에 관해 설명했다.",규제완화
조선비즈,"농식품장관 “트럼프 2기 출범, 농업계 영향 크지 않을 것… 농지규제...",네이버뉴스,https://n.news.naver.com/mnews/article/366/0001048451?sid=101,,조선비즈,"농식품장관 “트럼프 2기 출범, 농업계 영향 크지 않을 것… 농지 규제 완화 추진”","“식품 관세 올리면 美 물가도 올라”
“내일 식품 기업들과 대응책 점검 예정”
“30년 이상 유지된 농지법 개편해 구조 개선”
“청년농 예산, 1조500억원으로 증액”
“재배 면적 줄이지 않고 쌀값 인상 요구는 모순적”
송미령 농림축산장관이 출입 기자단 정례 간담회에서 발언하고 있다. /농림축산식품부 제공
송미령 농림축산식품부 장관은 20일 도널드 트럼프 2기 행정부 출범과 관련해 “농식품 업계에 미치는 영향은 제한적일 것”이라고 말했다
송 장관은 이날 정부세종청사에서 열린 정례 간담회에서 “트럼프 1기를 반추해 봐도 사실 농업계에는 큰 영향이 없었다”며 농식품 분야의 특수성을 강조했다.
송 장관은 “한국은 신선 농산물이나 가공식품을 (미국에) 수출하는 입장인데, 미국에서 우리가 수출 적자국 8위 정도가 된다”며 “트럼프 행정부가 관세를 인상할 가능성도 있지만, 식품은 필수 소비재이자 문화적 상품인 만큼 물가에 큰 영향을 줄 수 있다”고 말했다.
이어 송 장관은 “불확실한 상황에 대비해 다양한 시나리오를 마련하고 있다”며 “내일 주요 식품 기업들과 논의를 통해 예상되는 애로사항과 대응책을 점검할 예정”이라고 덧붙였다.
농림축산식품부는 올해 농식품과 전후방 산업 수출액 목표를 140억달러(20조3000억원)로 잡았다. 이는 지난해 목표치보다 5억달러 늘어난 수준이다. 그러나 일각에서는 트럼프 2기 행정부 출범으로 인해 수출 여건이 악화할 가능성을 지적하며, 목표 설정을 보다 신중히 해야 한다는 목소리도 나오고 있다.
이에 대해 송 장관은 “전후방 산업 목표는 작년과 같은 35억달러이고 K-푸드 목표를 105억달러로 5억달러 더 높였다”며 “도전적인 목표이지만 성장이 가능하다고 본다”고 밝혔다. 이어 그는 “라면 수출이 늘면 김치와 디저트류도 함께 증가하는 상승효과가 있을 것이고, 인도와 중남미 등으로 수출 시장을 확대할 전략을 세웠다”고 설명했다.
송 장관은 농지 규제 완화에 대한 정부의 정책 방향을 구체적으로 설명했다. 그는 “30년 이상 유지된 농지법을 개편해 농지 활용도를 높이고, 소유와 임대차 규제 완화, 지방의 자율권 확대를 통해 농지 구조 개선을 추진할 것”이라며 “농지 보존이라는 기본 원칙은 유지하되, 시대 변화에 맞는 효율적인 농지 활용 방안을 모색하겠다”고 말했다. 특히, 수직농장과 농촌 체류형 시설 등 현대적 농업 활동을 지원할 수 있는 방향으로 농지 활용도를 높이겠다고 강조했다.
송 장관은 “지금은 8년 이상 농사를 직접 지어야 농지를 임대할 수 있는데, 이런 농지 소유와 이용에 대한 규제도 완화할 필요가 있다”며 “지금은 비진흥지역 30헥타르(㏊, 1㏊=1만㎡), 진흥지역 3헥타르 이상의 농지를 전용하려면 장관이 일일이 허가해 줘야 하는데, 중앙과 지방이 약속한 범위 안에서는 지방이 전용 권한을 좀 가지고 운용해도 되는 게 아닐까”라고 말했다.
송미령 농림축산식품부 장관이 20일 정부세종청사 농식품부 대회의실에서 열린 언론 간담회에서 인사말을 하고 있다. 왼쪽부터 김종구 식량정책실장, 박범수 차관, 송 장관, 박수진 기획조정실장, 강형석 농업혁신정책실장. /연합뉴스
송 장관은 배 가격 상승과 관련해 “지난해 폭염으로 배 저장량이 감소했지만 설 명절 소비량 조절을 통해 가격 안정화를 유도하고 있다”며 “설 차례상에 올라갈 배 개수를 줄일 수 있도록 소포장한 배를 공급하고 있다”고 말했다. 그는 이어 “설 명절 수요 외에는 배를 대체할 과일을 확대 공급하는 등 수급 관리에 집중하고 있다”며 사과와 단감 등 다른 과일은 수급에 문제가 없으며 품질도 양호하다고 덧붙였다.
청년 농업인 지원 정책에 대해서 송 장관은 “올해 예산을 1조500억원으로 확대해 청년 농업인들이 안정적으로 농업 활동에 집중할 수 있도록 지원한다”고 말했다. 송 장관은 지난해 후계농 지원 예산이 8000억원에서 올해 6000억원으로 줄었지만, 현안 해법회의를 통해 추가 예산 확보를 건의해 증액했다고 설명했다. 그는 “후계농 육성과 맞춤형 농지 제공, 주거 지원 등 정책을 통해 농업의 지속 가능성을 확보할 것”이라고 밝혔다.
아울러 송 장관은 양곡법 개정안 폐지와 관련해 “정부는 대안을 마련해 국회 의원들과 논의를 시작했다”며 “설 전후로 구체적인 방안을 발표할 계획”이라고 밝혔다.
송 장관은 쌀 재배 면적 감축에 대해 “올해는 8만헥타르 감축 목표를 설정했지만, 첫해인 만큼 농가의 수용성을 높이는 데 중점을 두겠다”고 강조했다. 그는 감축 목표에 참여하지 않는 농가에 페널티를 부과할 수 있다는 법적 근거가 있지만, 올해는 강제적인 조치를 적용하지 않고 자발적 참여를 유도하겠다고 설명했다.
정부는 쌀 재배를 줄이는 농가에 인센티브를 제공해 전략작물 재배 단지를 조성하거나 고품질 쌀 재배를 지원할 계획이다. 송 장관은 “도 단위에서 시군별 의견을 수렴해 다양한 방식으로 감축 목표를 달성할 수 있도록 할 것”이라며 “농업인 단체가 잘못 이해한 부분은 지역별로 추가 설명하고 있다”고 덧붙였다.
이어 송 장관은 “재배 면적을 줄이지 않고 쌀값 인상을 요구하는 것은 모순적”이라며 “고품질 쌀 생산과 면적 감축이 병행돼야 쌀값이 안정적으로 상승할 수 있다”고 강조했다.",규제완화
시사저널,"부산진해경자청,규제 완화로 투자 견인…국내 6000억·해외 2600억 목표",네이버뉴스,https://n.news.naver.com/mnews/article/586/0000095899?sid=102,,시사저널,"부산진해경자청, 규제 완화로 투자 견인…국내 6000억·해외 2600억 목표","박성호 청장 ""닌항 겪는 웅동지구 정상화 총력""
부산진해경제자유구역 신항만지구 전경 ⓒ부산진해경제자유구역청 제공
부산진해경제자유구역청(경자청)이 올해 목표를 외국인 투자 1억8000만 달러(약 2610억원), 국내 투자 6000억원 이상으로 설정했다. 트럼프 대통령의 보호무역 강화와 한국의 저성장 고착 우려 등으로 투자환경 악화가 예상되는 가운데 꼼꼼한 투자유치 종합계획 수립으로 돌파구를 찾겠다는 것이다. 지난 2일 취임한 박성호 청장도 목표 달성을 위해 현장 행보를 강화하고 있다.
20일 경자청에 따르면 박 청장은 부산시와 경남도 관계자 등과 투자유치체계를 구축하고 있다. 또 규제 완화를 통해 기존 입주기업의 증액투자를 유도한다는 복안을 가지고 있는 것으로 알려졌다. 경자청도 연구개발특구와 연계를 통한 첨단투자지구의 규제샌드박스 적용 건의와 재투자기업에 대한 항만배후단지 임대료 감면기간 연장, 웅동지구 고도제한 완화 등을 계획하고 있다고 설명했다.
부산진해경제자유구역은 세계 2위의 환적항이자 세계 7위의 컨테이너 물동량을 처리하는 동북아 허브항만인 부산항을 갖춘 글로벌 복합물류의 중심에 있다. 경자청은 허브항만의 장점을 활용해 복합물류를 통한 지역산업의 부가가치를 높이기 위해 주력하고 있다. 지난해 커피콩, 콜드체인 부분품, 수소, 선박용 기계부품, 로봇부속품을 복합물류 활성화 5대 전략품목으로 선정했다.
경자청은 커피산업 활성화를 위해 커피가공 걸림돌 발굴·제거로 관련 기업을 유치할 예정이다. 또 부산항만공사(BPA), 코트라 등과 협력해 해외 거점공동물류센터 유치와 지원할 계획이다. 부산·경남은 국내 조선기자재 산업의 90%, 자동차부품 산업의 50%를 차지하고 있는 제조 산업의 클러스터 지역이다. 이와 관련 경자청은 소재부품 R&D센터, 자동차부품, 조선기자재 업체들에 대한 투자유치를 적극 추진할 계획도 전했다.
코로나19 팬데믹 이후 의료바이오 시장도 급격히 성장하고 있다. 비대면 기술 수요 증가 등 디지털헬스 분야로 관심이 확대되고 있다. 지난해 11월에는 명지지구에 프레스티지 바이오파마 IDC 신약 R&D 센터가 개소했다. 경자청은 바이오 기업 집중 발굴을 통한 기업유치와 연구인력 유치에 집중할 방침이다.
경자청은 주요 투자유치 지구별로 지구별 특성에 맞는 맞춤형 투자기업 유치에 나선다. 외국인 투자지역으로 미음·지사·남문지구에는 첨단제조업종을 유치할 계획이다. 웅동 2단계와 남컨 등 고부가가치 복합물류 항만 배후단지에는 화물운송업, 국제물류주선, 식품·의약품 콜드체인, 농축산물 제조·가공업에 대한 투자유치 계획을 세웠다.
남컨배후단지에는 지역산업과 연계한 주요 물류기능을 항만 배후단지로 집적해 양질의 일자리 창출 도모할 수 있을 것으로 내다봤다. LNG벙커링 터미널과 연계한 냉동냉장 컨테이너 등 냉동 물류클러스터도 구축할 예정이다.
박성호 청장은 ""투자유치와 더불어 오랫동안 난항에 빠져있는 웅동지구의 정상화, 경제자유구역 확대 지정 등 현안을 빠르게 해결하는 데 총력을 다하겠다""며 ""경자청이 동남권의 신성장 동력 거점으로 역할을 하고, 나아가 지방 소멸시대에 직면한 부산과 경남이 함께 수도권과 더불어 대한민국 부흥의 양대 축으로 성장하는데 있어 핵심이 될 것""이라고 말했다.",규제완화
뉴스1,"오세훈 ""비강남 재개발 촉진할 것…규제 완화해 분양 증가""",네이버뉴스,https://n.news.naver.com/mnews/article/421/0008031891?sid=101,,뉴스1,"오세훈 ""비강남 재개발 촉진할 것…규제 완화해 분양 증가""","사업성 조정 계수·입체공원 도입해 경제성 높이기로
오세훈 서울시장이 20일 오전 규제철폐 6호 '입체공원'을 도입할 서울 강북구 미아동 130일대(미아역 인근) 재개발 현장을 방문해 이순희 강북구청장 등 관계자들과 함께 현장을 둘러보고 있다. 입체공원이란 건물 앞, 옆 등에 평면적으로 조성되는 공원이 아니라 쇼핑센터 등 상업시설, 공연장 등 문화시설 같은 타 기반 시설 상부를 공원으로 조성하는 방식이다. 2025.1.20/뉴스1 ⓒ News1 오대일 기자
(서울=뉴스1) 전준우 기자 = 오세훈 서울시장이 20일 서울 강북구 미아동 일대를 찾아 ""비강남 재개발을 촉진할 것""이라며 이를 위해 규제를 완화하고 분양을 늘려 사업성을 높이겠다는 구상을 밝혔다.
오 시장은 이날 오전 규제철폐 6호 '입체공원'을 도입할 미아역 인근 재개발 현장을 방문한 뒤 ""강남 지역에 비해 비강남 지역, 특히 동북권역은 재개발하더라도 상업성이 확보되기 어려워 잘 진척이 안 되는 지역들이 많다""며 ""사업성 조정 계수를 도입해 같은 면적에 더 많은 세대수를 지을 수 있다""고 말했다.
입체공원과 관련해서는 ""재개발하는 경우 일정 면적의 자연 지반형 공원을 확보하도록 의무화했는데 이를 위해서는 분양 세대수가 줄어들고, 세대별 분담금이 늘어날 수밖에 없다""며 ""이에 입체공원을 자연형 공원과 마찬가지로 간주하기로 했다""고 설명했다.
이를 통해 이 일대 3000가구 조성에서 수십 가구가 늘어나고, 가구당 분담금도 수천만 원 줄어들 전망이다.
오 시장은 ""사업을 시작하는 분들에게 경제적인 혜택을 주면서 좀 더 빠른 속도로, 효율적으로 재개발을 할 수 있도록 규제 완화가 이뤄지는 셈""이라고 부연했다.
입체공원은 미아동을 시작으로 서울 서북권·서남권 등 주거 환경이 열악하고, 지가가 낮은 곳에 적용될 예정이다.",규제완화
